,Start_interval,Lactose,Whey central,Whey west
0,2023-01-02,0.4704433497536946,0.41,0.435
1,2023-01-09,0.4655172413793104,0.4025,0.435
2,2023-01-16,0.46059113300492616,0.3725,0.415
3,2023-01-23,0.4384236453201971,0.36,0.405
4,2023-01-30,0.43349753694581283,0.36,0.385
5,2023-02-06,0.4039408866995074,0.3725,0.38
6,2023-02-13,0.3990147783251232,0.3825,0.4025
7,2023-02-20,0.3990147783251232,0.405,0.41875
8,2023-02-27,0.3842364532019705,0.415,0.43
9,2023-03-06,0.36699507389162567,0.42,0.43
10,2023-03-13,0.3448275862068966,0.43,0.44
11,2023-03-20,0.3300492610837439,0.43,0.44
12,2023-03-27,0.3300492610837439,0.44,0.435
13,2023-04-03,0.30049261083743845,0.44,0.43
14,2023-04-10,0.28078817733990147,0.44,0.415
16,2023-04-24,0.2758620689655173,0.405,0.4125
17,2023-05-01,0.26600985221674883,0.3975,0.4
18,2023-05-08,0.2512315270935961,0.3775,0.395
19,2023-05-15,0.2512315270935961,0.35,0.38
20,2023-05-22,0.2512315270935961,0.325,0.365
21,2023-05-29,0.23645320197044337,0.31,0.355
22,2023-06-05,0.22167487684729067,0.31,0.335
23,2023-06-12,0.22167487684729067,0.3,0.335
24,2023-06-19,0.22167487684729067,0.2875,0.335
25,2023-06-26,0.20689655172413796,0.27375,0.30125
26,2023-07-03,0.2019704433497537,0.26,0.3
27,2023-07-10,0.19211822660098524,0.2525,0.3
28,2023-07-15,0.18965517241379312,0.2425,0.27
29,2023-07-24,0.19211822660098524,0.25,0.28
30,2023-07-31,0.19211822660098524,0.25,0.285
31,2023-08-07,0.1970443349753695,0.25,2.95
32,2023-08-14,0.20689655172413796,0.2525,0.31
33,2023-08-21,0.20689655172413796,0.2525,0.32
34,2023-08-28,0.22167487684729067,0.27,0.34
35,2023-09-04,0.2266009852216749,0.28,0.33
36,2022-01-03,0.3990147783251232,0.695,0.72625
37,2022-01-10,0.3990147783251232,0.715,0.73625
38,2022-01-17,0.3990147783251232,0.735,0.7475
39,2022-01-24,0.3990147783251232,0.745,0.765
40,2022-01-31,0.3990147783251232,0.775,0.79
41,2022-02-07,0.3990147783251232,0.7925,0.81
42,2022-02-14,0.3990147783251232,0.80125,0.8
43,2022-02-21,0.3990147783251232,0.805,0.7925
44,2022-02-28,0.3990147783251232,0.7825,0.7825
45,2022-03-07,0.3990147783251232,0.7825,0.77
46,2022-03-14,0.4088669950738916,0.775,0.76
48,2022-03-28,0.4088669950738916,0.715,0.7275
49,2022-04-04,0.41871921182266014,0.645,0.6625
50,2022-04-11,0.4285714285714286,0.6425,0.645
51,2022-04-18,0.4285714285714286,0.6425,0.655
52,2022-04-25,0.4285714285714286,0.635,0.655
53,2022-05-02,0.4285714285714286,0.63,0.62
54,2022-05-09,0.4285714285714286,0.61,0.62
55,2022-05-16,0.4310344827586207,0.59,0.61
56,2022-05-23,0.4310344827586207,0.5775,0.59
57,2022-05-30,0.4310344827586207,0.575,0.59
58,2022-06-06,0.43349753694581283,0.575,0.5925
59,2022-06-13,0.43349753694581283,0.57,0.59
60,2022-06-20,0.4384236453201971,0.57,0.575
61,2022-06-27,0.4482758620689656,0.5325,0.555
62,2022-07-04,0.4482758620689656,0.525,0.54
63,2022-07-11,0.4482758620689656,0.525,0.54
64,2022-07-18,0.4482758620689656,0.4975,0.51
65,2022-07-25,0.4482758620689656,0.485,0.51
66,2022-08-01,0.4482758620689656,0.455,0.51
67,2022-08-08,0.4482758620689656,0.45,0.485
68,2022-08-15,0.4482758620689656,0.45,0.49
69,2022-08-22,0.4482758620689656,0.4525,0.49
70,2022-08-29,0.4482758620689656,0.4525,0.535
71,2022-09-05,0.4482758620689656,0.46,0.515
72,2022-09-12,0.4507389162561577,0.46,0.53
73,2022-09-19,0.4507389162561577,0.45,0.5425
74,2022-09-26,0.4507389162561577,0.4425,0.515
75,2022-10-03,0.45812807881773404,0.44,0.5
76,2022-10-10,0.45812807881773404,0.44,0.5
77,2022-10-17,0.47783251231527096,0.44,0.505
78,2022-10-24,0.47783251231527096,0.44,0.495
79,2022-10-31,0.47783251231527096,0.44,0.48625
80,2022-11-07,0.47783251231527096,0.44,0.48
81,2022-11-14,0.47783251231527096,0.44,0.485
82,2022-11-21,0.47783251231527096,0.44,0.485
83,2022-11-28,0.47783251231527096,0.435,0.48
84,2022-12-05,0.47783251231527096,0.43,0.4775
85,2022-12-12,0.4679802955665025,0.415,0.4775
86,2022-12-19,0.4679802955665025,0.41,0.465
87,2022-12-26,0.4679802955665025,0.405,0.44
88,2021-01-04,0.3990147783251232,0.45125,0.46
89,2021-01-11,0.3990147783251232,0.485,0.48
90,2021-01-18,0.3990147783251232,0.49,0.4875
91,2021-01-25,0.4137931034482759,0.495,0.5
92,2021-02-01,0.4064039408866995,0.5025,0.5075
93,2021-02-08,0.4064039408866995,0.5075,0.515
94,2021-02-15,0.4064039408866995,0.52,0.515
95,2021-02-22,0.4137931034482759,0.5225,0.54125
96,2021-03-01,0.4137931034482759,0.5625,0.5475
97,2021-03-08,0.41871921182266014,0.565,0.5625
98,2021-03-15,0.4236453201970444,0.59,0.58
99,2021-03-22,0.43349753694581283,0.6,0.595
100,2021-03-29,0.4384236453201971,0.605,0.60375
101,2020-04-05,0.44334975369458135,0.61,0.615
102,2021-04-12,0.44334975369458135,0.6225,0.63
103,2021-04-19,0.44334975369458135,0.6275,0.64875
104,2021-04-26,0.44334975369458135,0.63,0.655
105,2021-05-03,0.44334975369458135,0.65,0.65
106,2021-05-10,0.44334975369458135,0.645,0.64
107,2021-05-17,0.44334975369458135,0.64,0.6475
108,2021-05-24,0.44334975369458135,0.64,0.64125
109,2021-05-31,0.44334975369458135,0.6375,0.64125
110,2021-06-07,0.44334975369458135,0.62125,0.625
111,2021-06-14,0.44334975369458135,0.62,0.6325
112,2021-06-21,0.4482758620689656,0.595,0.62
113,2021-06-28,0.4482758620689656,0.595,0.6075
114,2021-07-05,0.4532019704433498,0.5675,0.5975
115,2021-07-12,0.4532019704433498,0.5475,0.5825
116,2021-07-19,0.4532019704433498,0.535,0.585
117,2021-07-26,0.4482758620689656,0.53,0.57875
118,2021-08-02,0.4482758620689656,0.50375,0.55875
119,2021-08-09,0.4482758620689656,0.50375,0.5525
120,2021-08-16,0.4482758620689656,0.50375,0.55375
121,2021-08-23,0.44334975369458135,0.4975,0.5525
122,2021-08-30,0.44334975369458135,0.495,0.5525
123,2021-09-06,0.43349753694581283,0.5,0.535
124,2021-09-13,0.43349753694581283,0.5,0.54
125,2021-09-20,0.43349753694581283,0.51,0.54
126,2021-09-27,0.43349753694581283,0.51,0.5575
127,2021-10-04,0.4285714285714286,0.5475,0.5575
128,2021-10-11,0.41871921182266014,0.565,0.56625
129,2021-10-18,0.4137931034482759,0.575,0.5675
130,2021-10-25,0.4088669950738916,0.59,0.5725
131,2021-11-01,0.4088669950738916,0.595,0.58875
132,2021-11-08,0.4088669950738916,0.605,0.595
133,2021-11-15,0.4064039408866995,0.6425,0.6225
134,2021-11-22,0.4064039408866995,0.6425,0.635
135,2021-11-29,0.3990147783251232,0.65125,0.645
136,2021-12-06,0.3990147783251232,0.65375,0.665
137,2021-12-13,0.3990147783251232,0.6625,0.67625
138,2021-12-20,0.3990147783251232,0.675,0.71625
139,2021-12-27,0.3990147783251232,0.6825,0.71625
140,2019-01-01,0.2857142857142857,0.34,0.34875
141,2020-01-06,0.2931034482758621,0.34,0.34875
142,2020-01-13,0.2931034482758621,0.345,0.35125
143,2020-01-20,0.2955665024630542,0.35375,0.35625
144,2020-01-27,0.2955665024630542,0.35375,0.35625
145,2020-02-03,0.29802955665024633,0.355,0.365
146,2020-02-10,0.30049261083743845,0.36,0.37875
147,2020-02-17,0.30049261083743845,0.36375,0.375
148,2020-02-24,0.30049261083743845,0.35875,0.37
149,2020-03-02,0.3054187192118227,0.35875,0.37
150,2020-03-09,0.3054187192118227,0.35875,0.37
151,2020-03-16,0.3054187192118227,0.35875,0.37
152,2020-03-23,0.3054187192118227,0.35,0.37
153,2020-03-30,0.3128078817733991,0.35,0.36
154,2020-04-06,0.332512315270936,0.3475,0.355
155,2020-04-13,0.33743842364532023,0.3525,0.365
156,2020-04-20,0.3497536945812808,0.3525,0.3675
157,2020-04-27,0.3694581280788178,0.3625,0.37
158,2020-05-04,0.37931034482758624,0.3625,0.38
159,2020-05-11,0.394088669950739,0.3675,0.38
160,2020-05-18,0.4088669950738916,0.365,0.38
161,2020-05-25,0.4088669950738916,0.3625,0.3675
162,2020-06-01,0.4310344827586207,0.36,0.3525
163,2020-06-08,0.44581280788177347,0.355,0.3525
164,2020-06-15,0.45812807881773404,0.3525,0.3525
165,2020-06-22,0.4679802955665025,0.33625,0.35
166,2020-06-29,0.49753694581280794,0.33125,0.35
167,2020-07-06,0.5073891625615764,0.325,0.35
168,2020-07-13,0.5123152709359606,0.3225,0.345
169,2020-07-20,0.5123152709359606,0.3175,0.3475
170,2020-07-27,0.5123152709359606,0.315,0.355
171,2020-08-03,0.5073891625615764,0.3125,0.345
172,2020-08-10,0.5073891625615764,0.3,0.34
173,2020-08-17,0.5049261083743842,0.2975,0.34
174,2020-08-24,0.5049261083743842,0.295,0.34
175,2020-08-31,0.5024630541871922,0.295,0.34
176,2020-09-07,0.49753694581280794,0.3025,0.34
177,2020-09-14,0.49753694581280794,0.3025,0.34
178,2020-09-21,0.49753694581280794,0.32,0.34
179,2020-09-28,0.49507389162561577,0.3325,0.345
180,2020-10-05,0.49507389162561577,0.335,0.3625
181,2020-10-12,0.4926108374384237,0.35,0.37
182,2020-10-19,0.4926108374384237,0.355,0.38375
183,2020-10-26,0.4901477832512316,0.365,0.38375
184,2020-11-02,0.4802955665024631,0.385,0.4
185,2020-11-09,0.47536945812807885,0.4,0.405
186,2020-11-16,0.46059113300492616,0.405,0.41
187,2020-11-23,0.46059113300492616,0.405,0.41
188,2020-11-30,0.44581280788177347,0.4175,0.43
189,2020-12-07,0.43596059113300495,0.42,0.43
190,2020-12-14,0.4236453201970444,0.435,0.455
191,2020-12-21,0.42446633825944174,0.43,0.4475
192,2020-12-28,0.4137931034482759,0.435,0.4575
194,2019-01-07,0.36453201970443355,0.47,0.4625
195,2019-01-14,0.36453201970443355,0.47,0.475
196,2019-01-21,0.36453201970443355,0.47,0.475
197,2019-01-28,0.36453201970443355,0.46875,0.4725
198,2019-02-04,0.35467980295566504,0.45625,0.4625
199,2019-02-11,0.35960591133004927,0.44,0.435
200,2019-02-18,0.35960591133004927,0.43,0.435
201,2019-02-25,0.35960591133004927,0.43,0.4175
202,2019-03-04,0.35960591133004927,0.43,0.4175
203,2019-03-11,0.35960591133004927,0.4175,0.40125
204,2019-03-18,0.35960591133004927,0.4075,0.36875
205,2019-03-25,0.35960591133004927,0.4075,0.38375
206,2019-04-01,0.35960591133004927,0.3975,0.38375
207,2019-04-08,0.35467980295566504,0.3975,0.38125
208,2019-04-15,0.3448275862068966,0.3975,0.38
209,2019-04-22,0.3349753694581281,0.38375,0.37875
210,2019-04-29,0.3349753694581281,0.37375,0.37875
211,2020-05-06,0.3300492610837439,0.36,0.37625
212,2019-05-13,0.3300492610837439,0.365,0.37
213,2019-05-20,0.3300492610837439,0.365,0.36
214,2019-05-27,0.3201970443349754,0.365,0.36
215,2019-06-03,0.3201970443349754,0.35875,0.355
216,2019-06-10,0.3103448275862069,0.355,0.355
217,2019-06-17,0.3054187192118227,0.3525,0.355
218,2019-06-24,0.3054187192118227,0.3525,0.355
219,2019-07-01,0.3054187192118227,0.3525,0.355
220,2019-07-08,0.3054187192118227,0.3525,0.35
221,2019-07-15,0.30295566502463056,0.35125,0.3375
222,2019-07-22,0.30295566502463056,0.35,0.33625
223,2019-07-29,0.30295566502463056,0.35,0.34
224,2019-08-05,0.29802955665024633,0.35,0.34
225,2019-08-12,0.29064039408867,0.35,0.34
226,2019-08-19,0.29064039408867,0.35,0.34
227,2019-08-26,0.28817733990147787,0.35,0.3625
228,2019-09-02,0.28817733990147787,0.36,0.36375
229,2019-09-09,0.28817733990147787,0.35,0.36375
230,2019-09-16,0.28817733990147787,0.36,0.36375
231,2019-09-23,0.28817733990147787,0.35375,0.36375
232,2019-09-30,0.2758620689655173,0.345,0.36
233,2019-10-07,0.2758620689655173,0.3325,0.35
234,2019-10-14,0.2758620689655173,0.33,0.345
235,2019-10-28,0.2758620689655173,0.325,0.345
237,2019-11-04,0.28078817733990147,0.3025,0.3025
238,2019-11-11,0.2857142857142857,0.3025,0.3025
239,2019-11-18,0.2857142857142857,0.3075,0.30375
240,2019-11-25,0.2857142857142857,0.3075,0.31375
241,2019-12-02,0.2857142857142857,0.3425,0.345
242,2019-12-09,0.2857142857142857,0.3425,0.34875
243,2019-12-16,0.2857142857142857,0.34,0.34875
244,2019-12-23,0.2857142857142857,0.34,0.34875
245,2018-01-01,0.21674876847290642,0.265,0.27
246,2018-01-08,0.21674876847290642,0.2575,0.265
247,2018-01-15,0.20935960591133007,0.24875,0.2625
248,2018-01-22,0.20935960591133007,0.2425,0.26
249,2018-01-29,0.20935960591133007,0.2425,0.26
250,2018-02-05,0.2142857142857143,0.24,0.24
251,2018-02-12,0.2142857142857143,0.24,0.24
252,2018-02-19,0.2142857142857143,0.24,0.24
253,2018-02-26,0.2142857142857143,0.235,0.24
254,2018-03-05,0.2044334975369458,0.235,0.25
255,2018-03-12,0.20935960591133007,0.235,0.25
256,2018-03-19,0.2142857142857143,0.24,0.25375
257,2018-03-26,0.22167487684729067,0.24,0.25375
258,2018-04-02,0.2266009852216749,0.24,0.26125
259,2018-04-09,0.2266009852216749,0.24,0.26125
260,2018-04-16,0.2266009852216749,0.2375,0.26375
261,2018-04-23,0.2266009852216749,0.245,0.26375
262,2018-04-30,0.23645320197044337,0.25,0.28
263,2018-05-07,0.24630541871921185,0.25,0.28
264,2018-05-14,0.2512315270935961,0.2575,0.295
265,2018-05-21,0.2536945812807882,0.28125,0.2975
266,2018-05-28,0.2561576354679803,0.28125,0.31375
267,2018-06-04,0.2623152709359606,0.30875,0.3225
268,2018-06-11,0.2623152709359606,0.31375,0.3225
269,2018-06-18,0.2758620689655173,0.3225,0.325
270,2018-06-25,0.2758620689655173,0.3225,0.325
271,2018-07-02,0.29064039408867,0.3225,0.325
272,2018-07-09,0.29064039408867,0.3225,0.325
273,2018-07-16,0.29802955665024633,0.3375,0.345
274,2018-07-23,0.3103448275862069,0.35,0.3625
275,2018-07-30,0.3152709359605912,0.3575,0.37125
276,2018-08-06,0.3152709359605912,0.37375,0.3825
277,2018-08-13,0.3201970443349754,0.37875,0.39
278,2018-08-20,0.3201970443349754,0.39,0.40625
279,2018-08-27,0.3201970443349754,0.4,0.40625
280,2018-09-03,0.32512315270935965,0.41,0.41375
281,2018-09-10,0.3300492610837439,0.425,0.435
282,2018-09-17,0.3300492610837439,0.425,0.435
283,2018-09-24,0.3300492610837439,0.43125,0.435
284,2018-10-01,0.3349753694581281,0.435,0.4525
285,2018-10-08,0.34236453201970446,0.435,0.4575
286,2018-10-15,0.34236453201970446,0.4375,0.4575
287,2018-10-22,0.34236453201970446,0.455,0.475
288,2018-10-29,0.34236453201970446,0.455,0.475
289,2018-11-05,0.34236453201970446,0.455,0.4625
290,2018-11-12,0.3448275862068966,0.455,0.45625
291,2018-11-19,0.3448275862068966,0.455,0.45625
292,2018-11-26,0.3448275862068966,0.455,0.4563
293,2018-12-03,0.3497536945812808,0.455,0.44
294,2018-12-10,0.3497536945812808,0.455,0.445
295,2018-12-17,0.3497536945812808,0.455,0.445
296,2018-12-24,0.35467980295566504,0.455,0.445
297,2017-01-02,0.36453201970443355,0.39,0.415
298,2017-01-09,0.36453201970443355,0.41,0.4475
299,2017-01-16,0.36453201970443355,0.41625,0.455
300,2017-01-23,0.36453201970443355,0.425,0.45875
301,2017-01-30,0.3694581280788178,0.43,0.46875
302,2017-02-06,0.3694581280788178,0.445,0.48375
303,2017-02-13,0.3694581280788178,0.46125,0.495
304,2017-02-20,0.3694581280788178,0.47375,0.495
305,2017-02-27,0.3694581280788178,0.48,0.495
306,2017-03-06,0.3694581280788178,0.485,0.5
307,2017-03-13,0.3694581280788178,0.485,0.49
308,2017-03-20,0.3694581280788178,0.485,0.49
309,2017-03-27,0.37931034482758624,0.48,0.49
310,2017-04-03,0.394088669950739,0.49875,0.5
311,2017-04-10,0.394088669950739,0.495,0.5
312,2017-04-17,0.394088669950739,0.495,0.5
313,2017-04-24,0.3990147783251232,0.485,0.495
314,2017-05-01,0.4039408866995074,0.485,0.475
315,2017-05-08,0.4039408866995074,0.5,0.475
316,2017-05-15,0.4039408866995074,0.4975,0.465
317,2017-05-22,0.4039408866995074,0.49,0.46
318,2017-05-29,0.4039408866995074,0.485,0.46
319,2017-06-05,0.4039408866995074,0.47375,0.45
320,2017-06-12,0.4039408866995074,0.455,0.445
321,2017-06-19,0.394088669950739,0.45,0.44
322,2017-06-26,0.38916256157635476,0.4425,0.44
323,2017-07-03,0.3842364532019705,0.4375,0.4375
324,2017-07-10,0.3842364532019705,0.4375,0.4325
325,2017-07-17,0.374384236453202,0.43,0.425
326,2017-07-24,0.3694581280788178,0.425,0.425
327,2017-07-31,0.35467980295566504,0.425,0.4225
328,2017-08-07,0.3497536945812808,0.41,0.42
329,2017-08-14,0.3497536945812808,0.405,0.41
330,2017-08-21,0.3497536945812808,0.395,0.41
331,2017-08-28,0.32512315270935965,0.3875,0.395
332,2017-09-04,0.3152709359605912,0.385,0.39
333,2017-09-11,0.30049261083743845,0.38,0.3825
334,2017-09-18,0.29064039408867,0.38,0.38
335,2017-09-25,0.29064039408867,0.37,0.375
336,2017-10-02,0.28078817733990147,0.37,0.375
337,2017-10-09,0.2733990147783252,0.36,0.37
338,2017-10-16,0.26600985221674883,0.355,0.365
339,2017-10-23,0.25862068965517243,0.345,0.3525
340,2017-10-30,0.24630541871921185,0.33,0.3475
341,2017-11-06,0.24630541871921185,0.32,0.335
342,2017-11-13,0.2413793103448276,0.315,0.3275
343,2017-11-20,0.23645320197044337,0.305,0.31875
344,2017-11-27,0.23645320197044337,0.3,0.315
345,2017-12-04,0.23152709359605914,0.295,0.3125
346,2017-12-11,0.21674876847290642,0.285,0.2975
347,2017-12-18,0.21674876847290642,0.28,0.2975
348,2017-12-25,0.21674876847290642,0.27,0.2775
349,2016-01-04,0.19211822660098524,0.21375,0.24
350,2016-01-11,0.1970443349753695,0.22,0.24
351,2016-01-18,0.2019704433497537,0.225,0.24
352,2016-01-25,0.20689655172413796,0.2225,0.24
353,2016-02-01,0.20689655172413796,0.2325,0.25
354,2016-02-08,0.20935960591133007,0.235,0.25
355,2016-02-15,0.2118226600985222,0.24,0.25
356,2016-02-22,0.2118226600985222,0.2425,0.25
357,2016-02-29,0.21921182266009856,0.24125,0.25
358,2016-03-07,0.21921182266009856,0.24,0.25
359,2016-03-13,0.22167487684729067,0.2425,0.25
360,2016-03-21,0.2266009852216749,0.2425,0.25
361,2016-03-28,0.2266009852216749,0.2425,0.25
362,2016-04-04,0.22906403940886702,0.24125,0.245
363,2016-04-11,0.23152709359605914,0.24,0.245
364,2016-04-18,0.23152709359605914,0.24,0.2425
365,2016-04-25,0.23891625615763548,0.235,0.24
366,2016-05-02,0.24876847290640397,0.2325,0.23625
367,2016-05-09,0.24876847290640397,0.2325,0.23375
368,2016-05-16,0.24876847290640397,0.2275,0.23375
369,2016-05-23,0.2536945812807882,0.2375,0.23625
370,2016-05-30,0.2536945812807882,0.2375,0.23875
371,2016-06-06,0.2536945812807882,0.2375,0.23875
372,2016-06-13,0.2536945812807882,0.2425,0.23875
373,2016-06-20,0.2536945812807882,0.2475,0.23875
374,2016-06-27,0.2635467980295567,0.2475,0.24875
375,2016-07-04,0.2635467980295567,0.2475,0.255
376,2016-07-11,0.26847290640394095,0.255,0.2625
377,2016-07-18,0.2721674876847291,0.255,0.27125
378,2016-07-25,0.2758620689655173,0.255,0.27125
379,2016-08-01,0.2758620689655173,0.255,0.27125
380,2016-08-08,0.2758620689655173,0.265,0.28625
381,2016-08-15,0.2758620689655173,0.265,0.2975
382,2016-08-22,0.2955665024630542,0.285,0.3
383,2016-08-29,0.3054187192118227,0.295,0.3125
384,2016-09-05,0.3054187192118227,0.295,0.32125
385,2016-09-12,0.3152709359605912,0.305,0.32125
386,2016-09-16,0.3177339901477833,0.305,0.3225
387,2016-09-26,0.3177339901477833,0.305,0.32625
388,2016-10-03,0.3177339901477833,0.31,0.32625
389,2016-10-10,0.3201970443349754,0.3125,0.335
390,2016-10-17,0.33990147783251234,0.33,0.355
391,2016-10-24,0.33990147783251234,0.3275,0.355
392,2016-10-31,0.3448275862068966,0.335,0.365
393,2016-11-07,0.3472906403940887,0.345,0.37
394,2016-11-14,0.3472906403940887,0.345,0.375
395,2016-11-21,0.3472906403940887,0.35,0.3775
396,2016-11-28,0.3472906403940887,0.35,0.3775
397,2016-12-05,0.3472906403940887,0.3625,0.38
398,2016-12-12,0.3497536945812808,0.38125,0.4025
399,2016-12-19,0.35714285714285715,0.38625,0.4125
400,2016-12-26,0.36453201970443355,0.38875,0.41375
401,2015-01-01,0.374384236453202,0.5625,0.49
402,2015-01-05,0.374384236453202,0.56,0.49
403,2015-01-12,0.32512315270935965,0.54,0.48
404,2015-01-19,0.3152709359605912,0.535,0.48
405,2015-01-26,0.3054187192118227,0.525,0.46
406,2015-02-02,0.3054187192118227,0.515,0.46
407,2015-02-09,0.3054187192118227,0.51,0.455
408,2015-02-16,0.2857142857142857,0.48,0.45
409,2015-02-23,0.2733990147783252,0.465,0.45
410,2015-03-02,0.26477832512315275,0.455,0.45
411,2015-03-09,0.26108374384236455,0.45,0.445
412,2015-03-16,0.24630541871921185,0.445,0.445
413,2015-03-23,0.23645320197044337,0.4425,0.445
414,2015-03-30,0.23399014778325125,0.4325,0.4425
415,2015-04-06,0.23399014778325125,0.4325,0.4425
416,2015-04-13,0.23399014778325125,0.43,0.4425
417,2015-04-20,0.23399014778325125,0.425,0.44
418,2015-04-27,0.2327586206896552,0.42,0.44
419,2015-05-04,0.2327586206896552,0.42,0.44
420,2015-05-11,0.2327586206896552,0.42,0.435
421,2015-05-18,0.23152709359605914,0.42,0.43
422,2015-05-25,0.23152709359605914,0.4075,0.425
423,2015-06-01,0.23152709359605914,0.4,0.425
424,2015-06-08,0.22167487684729067,0.4,0.425
425,2015-06-15,0.21674876847290642,0.38,0.42
426,2015-06-22,0.20935960591133007,0.37,0.415
427,2015-06-29,0.20935960591133007,0.365,0.41
428,2015-07-06,0.20935960591133007,0.3625,0.405
429,2015-07-13,0.1970443349753695,0.355,0.405
430,2015-07-20,0.1970443349753695,0.3425,0.39
431,2015-07-27,0.19211822660098524,0.33,0.39
432,2015-08-03,0.19211822660098524,0.3025,0.3825
433,2015-08-10,0.19211822660098524,0.295,0.325
434,2015-08-17,0.187192118226601,0.24,0.3
435,2015-08-24,0.187192118226601,0.23,0.28
436,2015-08-31,0.187192118226601,0.225,0.25
437,2015-09-07,0.187192118226601,0.22,0.24
438,2015-09-14,0.187192118226601,0.21,0.22
439,2015-09-21,0.187192118226601,0.2,0.215
440,2015-09-28,0.187192118226601,0.1975,0.21
441,2015-10-05,0.18226600985221678,0.195,0.2075
442,2015-10-12,0.18226600985221678,0.2,0.2075
443,2015-10-19,0.18226600985221678,0.22,0.21
444,2015-10-26,0.18226600985221678,0.2,0.21
445,2015-11-02,0.18226600985221678,0.205,0.225
446,2015-11-09,0.18226600985221678,0.2075,0.225
447,2015-11-16,0.18226600985221678,0.2125,0.2325
448,2015-11-23,0.18226600985221678,0.21125,0.2325
449,2015-11-30,0.18226600985221678,0.21125,0.2325
450,2015-12-07,0.1847290640394089,0.21125,0.2375
451,2015-12-14,0.187192118226601,0.21125,0.2375
452,2015-12-21,0.187192118226601,0.21625,0.24
453,2014-01-01,0.6256157635467982,0.56,0.58875
454,2014-01-06,0.6256157635467982,0.5625,0.58875
455,2014-01-13,0.5714285714285714,0.5675,0.60375
456,2014-01-20,0.5862068965517242,0.5775,0.60625
457,2014-01-27,0.5862068965517242,0.58,0.6075
458,2014-02-03,0.5862068965517242,0.585,0.61
459,2014-02-10,0.5862068965517242,0.5875,0.6125
460,2014-02-17,0.5862068965517242,0.6075,0.615
461,2014-02-24,0.5862068965517242,0.61125,0.625
462,2014-03-03,0.5862068965517242,0.61125,0.62875
463,2014-03-10,0.5862068965517242,0.615,0.63125
464,2014-03-17,0.5862068965517242,0.6225,0.645
465,2014-03-24,0.5911330049261084,0.62875,0.64875
466,2014-03-31,0.5911330049261084,0.63,0.645
467,2014-04-07,0.6059113300492611,0.635,0.64625
468,2014-04-14,0.6133004926108375,0.6375,0.6475
469,2014-04-21,0.6133004926108375,0.65,0.65375
470,2014-04-28,0.6034482758620691,0.65375,0.65375
471,2014-05-05,0.6034482758620691,0.6575,0.65875
472,2014-05-12,0.5960591133004927,0.6625,0.6725
473,2014-05-19,0.5886699507389164,0.6675,0.66625
474,2014-05-26,0.5775862068965518,0.66625,0.6625
475,2014-06-02,0.5775862068965518,0.665,0.66
476,2014-06-09,0.5726600985221676,0.665,0.66
477,2014-06-16,0.5591133004926109,0.66125,0.655
478,2014-06-23,0.5591133004926109,0.66,0.655
479,2014-06-30,0.5591133004926109,0.6575,0.6575
480,2014-07-07,0.5418719211822661,0.65875,0.6575
481,2014-07-14,0.539408866995074,0.6575,0.6575
482,2014-07-21,0.539408866995074,0.6625,0.67
483,2014-07-28,0.5381773399014779,0.65875,0.67
484,2014-08-04,0.5381773399014779,0.6575,0.67
485,2014-08-11,0.5307881773399015,0.6575,0.67
486,2014-08-18,0.5283251231527094,0.6575,0.67
487,2014-08-25,0.5233990147783252,0.6575,0.67
488,2014-09-01,0.5233990147783252,0.655,0.66
489,2014-09-08,0.4839901477832513,0.65125,0.645
490,2014-09-15,0.46428571428571436,0.65,0.6225
491,2014-09-22,0.45443349753694584,0.64,0.61
492,2014-09-29,0.45443349753694584,0.63,0.61
493,2014-10-06,0.45443349753694584,0.63,0.605
494,2014-10-13,0.41871921182266014,0.6125,0.6
495,2014-10-20,0.3990147783251232,0.61,0.5975
496,2014-10-27,0.4088669950738916,0.61,0.5975
497,2014-11-03,0.4088669950738916,0.5975,0.5975
498,2014-11-10,0.4039408866995074,0.58875,0.58875
499,2014-11-17,0.4039408866995074,0.58875,0.58875
500,2014-11-24,0.394088669950739,0.585,0.585
501,2014-12-01,0.394088669950739,0.585,0.585
502,2014-12-08,0.38916256157635476,0.5775,0.58
503,2014-12-15,0.3842364532019705,0.575,0.58
504,2014-12-22,0.3842364532019705,0.57,0.54
505,2013-01-01,0.7586206896551725,0.64,0.625
506,2013-01-07,0.7192118226600985,0.66,0.63
507,2013-01-14,0.7290640394088671,0.63,0.625
508,2013-01-21,0.7192118226600985,0.625,0.6025
509,2013-01-28,0.7192118226600985,0.6225,0.59
510,2013-02-04,0.7142857142857143,0.62,0.58625
511,2013-02-11,0.7142857142857143,0.6175,0.58
512,2013-02-18,0.7142857142857143,0.6,0.57875
513,2013-02-25,0.6995073891625616,0.59,0.57
514,2013-03-04,0.6995073891625616,0.58,0.565
515,2013-03-11,0.6847290640394089,0.57,0.5625
516,2013-03-18,0.6748768472906405,0.555,0.56125
517,2013-03-25,0.6699507389162562,0.55,0.56
518,2013-04-01,0.6600985221674878,0.535,0.56
519,2013-04-08,0.6305418719211824,0.535,0.56
520,2013-04-15,0.6354679802955666,0.54,0.5625
521,2013-04-22,0.6354679802955666,0.5425,0.565
522,2013-04-29,0.6354679802955666,0.5425,0.565
523,2013-05-06,0.6354679802955666,0.5425,0.565
524,2013-05-13,0.6354679802955666,0.54,0.5825
525,2013-05-20,0.6354679802955666,0.54125,0.5825
526,2013-05-27,0.6354679802955666,0.54,0.58125
527,2013-06-03,0.6354679802955666,0.5375,0.58125
528,2013-06-10,0.6354679802955666,0.54375,0.585
529,2013-06-17,0.6354679802955666,0.5425,0.585
530,2013-06-24,0.6354679802955666,0.5425,0.59125
531,2013-07-01,0.6354679802955666,0.545,0.59125
532,2013-07-08,0.6182266009852216,0.545,0.5925
533,2013-07-15,0.6206896551724138,0.545,0.5925
534,2013-07-22,0.6231527093596059,0.545,0.59125
535,2013-07-29,0.6231527093596059,0.5425,0.59125
536,2013-08-05,0.6231527093596059,0.5425,0.59
537,2013-08-12,0.6305418719211824,0.5425,0.585
538,2013-08-19,0.6305418719211824,0.5425,0.585
539,2013-08-26,0.6305418719211824,0.54,0.585
540,2013-09-02,0.6305418719211824,0.54,0.5775
541,2013-09-09,0.6305418719211824,0.54,0.57625
542,2013-09-16,0.6305418719211824,0.53875,0.565
543,2013-09-23,0.6305418719211824,0.53875,0.56375
544,2013-09-30,0.6305418719211824,0.53875,0.56375
545,2013-10-28,0.6403940886699508,0.54,0.55625
546,2013-11-04,0.6403940886699508,0.54,0.5625
547,2013-11-11,0.6354679802955666,0.54,0.565
548,2013-11-18,0.6330049261083744,0.5425,0.5675
549,2013-11-25,0.6330049261083744,0.5475,0.57125
550,2013-12-02,0.6305418719211824,0.55,0.57375
551,2013-12-09,0.6305418719211824,0.5525,0.58125
552,2013-12-16,0.6256157635467982,0.55375,0.58125
553,2013-12-23,0.6256157635467982,0.5525,0.5875
554,2012-01-02,0.7586206896551725,0.655,0.6775
555,2012-01-09,0.8275862068965518,0.6925,0.68375
556,2012-01-16,0.8472906403940887,0.7075,0.70625
557,2012-01-23,0.8472906403940887,0.71,0.71625
558,2012-01-30,0.8472906403940887,0.71,0.7175
559,2012-02-06,0.8472906403940887,0.705,0.69
560,2012-02-13,0.8472906403940887,0.705,0.6725
561,2012-02-20,0.8472906403940887,0.705,0.67125
562,2012-02-27,0.8472906403940887,0.7,0.595
563,2012-03-05,0.8472906403940887,0.6525,0.545
564,2012-03-12,0.8472906403940887,0.6375,0.54
565,2012-03-19,0.8472906403940887,0.6225,0.555
566,2012-03-26,0.8472906403940887,0.6175,0.5325
567,2012-04-02,0.8472906403940887,0.6,0.52125
568,2012-04-09,0.8916256157635469,0.58,0.52125
569,2012-04-16,0.9014778325123154,0.55,0.51625
570,2012-04-23,0.9014778325123154,0.5325,0.5025
571,2012-04-30,0.9014778325123154,0.52375,0.49625
572,2012-05-07,0.9014778325123154,0.505,0.49625
573,2012-05-14,0.9014778325123154,0.505,0.49625
574,2012-05-21,0.8965517241379312,0.4925,0.4975
575,2012-05-28,0.8965517241379312,0.48875,0.48875
576,2012-06-04,0.8817733990147785,0.48375,0.48375
577,2012-06-11,0.8719211822660099,0.48375,0.48375
578,2012-06-18,0.8719211822660099,0.475,0.48125
579,2012-06-25,0.8571428571428572,0.4725,0.485
580,2012-07-02,0.8571428571428572,0.475,0.4875
581,2012-07-09,0.8571428571428572,0.475,0.49
582,2012-07-16,0.8275862068965518,0.49,0.4975
583,2012-07-23,0.8177339901477833,0.49,0.4975
584,2012-07-30,0.812807881773399,0.495,0.51375
585,2012-08-06,0.812807881773399,0.5025,0.51875
586,2012-08-13,0.812807881773399,0.5125,0.535
587,2012-08-20,0.812807881773399,0.5175,0.55
588,2012-08-27,0.8152709359605912,0.52875,0.56
589,2012-09-03,0.8152709359605912,0.54,0.58
590,2012-09-10,0.812807881773399,0.565,0.585
591,2012-09-17,0.812807881773399,0.5675,0.5925
592,2012-09-24,0.812807881773399,0.5825,0.60125
593,2012-10-01,0.812807881773399,0.585,0.60125
594,2012-10-08,0.7733990147783252,0.585,0.60625
595,2012-10-15,0.7733990147783252,0.5975,0.6125
596,2012-10-22,0.7733990147783252,0.5975,0.61625
597,2012-10-29,0.7733990147783252,0.6,0.6175
598,2012-11-05,0.7733990147783252,0.605,0.61875
599,2012-11-12,0.7733990147783252,0.6175,0.62625
600,2012-11-19,0.7733990147783252,0.6225,0.62625
601,2012-11-26,0.7733990147783252,0.6325,0.63
602,2012-12-03,0.7733990147783252,0.63875,0.63
603,2012-12-10,0.7733990147783252,0.63875,0.6375
604,2012-12-17,0.7586206896551725,0.64125,0.6375
605,2012-12-24,0.7586206896551725,0.64,0.63
606,2011-01-03,0.3300492610837439,0.3575,0.39375
607,2011-01-10,0.34236453201970446,0.37,0.40375
608,2011-01-17,0.3448275862068966,0.375,0.40875
609,2011-01-24,0.3497536945812808,0.38,0.4125
610,2011-01-31,0.3497536945812808,0.38,0.41625
611,2011-02-07,0.35467980295566504,0.385,0.42
612,2011-02-14,0.35467980295566504,0.3875,0.4325
613,2011-02-21,0.35467980295566504,0.39375,0.46625
614,2011-02-28,0.35467980295566504,0.39375,0.4775
615,2011-03-07,0.35960591133004927,0.3975,0.4775
616,2011-03-14,0.36699507389162567,0.3975,0.485
617,2011-03-21,0.36699507389162567,0.415,0.485
618,2011-03-28,0.394088669950739,0.435,0.485
619,2011-04-04,0.394088669950739,0.4425,0.485
620,2011-04-11,0.43349753694581283,0.4425,0.48625
621,2011-04-18,0.44334975369458135,0.4425,0.4875
622,2011-04-25,0.44334975369458135,0.4425,0.485
623,2011-05-02,0.4482758620689656,0.4775,0.485
624,2011-05-09,0.4482758620689656,0.4825,0.5075
625,2011-05-16,0.45812807881773404,0.4825,0.50625
626,2011-05-23,0.45812807881773404,0.495,0.51375
627,2011-05-30,0.46305418719211827,0.4975,0.52125
628,2011-06-06,0.46305418719211827,0.4975,0.52625
629,2011-06-13,0.46305418719211827,0.505,0.535
630,2011-06-20,0.46305418719211827,0.5075,0.5425
631,2011-06-27,0.46305418719211827,0.51,0.5525
632,2011-07-04,0.46305418719211827,0.52,0.55625
633,2011-07-11,0.5320197044334977,0.525,0.565
634,2011-07-18,0.5418719211822661,0.53,0.57
635,2011-07-25,0.5566502463054187,0.535,0.575
636,2011-08-01,0.5665024630541872,0.535,0.5825
637,2011-08-08,0.5763546798029557,0.5375,0.585
638,2011-08-15,0.58128078817734,0.545,0.58625
639,2011-08-22,0.5862068965517242,0.5525,0.5925
640,2011-08-29,0.5960591133004927,0.56,0.5975
641,2011-09-05,0.5960591133004927,0.5625,0.60375
642,2011-09-12,0.5960591133004927,0.57,0.6075
643,2011-09-19,0.6009852216748769,0.5775,0.61375
644,2011-09-26,0.6009852216748769,0.5875,0.61625
645,2011-10-03,0.6009852216748769,0.5875,0.6225
646,2011-10-10,0.7290640394088671,0.6,0.63
647,2011-10-17,0.7389162561576356,0.605,0.6375
648,2011-10-24,0.7438423645320198,0.6075,0.63
649,2011-10-31,0.7438423645320198,0.6075,0.63375
650,2011-11-07,0.7438423645320198,0.6125,0.635
651,2011-11-14,0.748768472906404,0.62,0.63875
652,2011-11-21,0.748768472906404,0.6225,0.645
653,2011-11-28,0.748768472906404,0.6275,0.64875
654,2011-12-05,0.7536945812807883,0.6325,0.6525
655,2011-12-12,0.7536945812807883,0.635,0.6575
656,2011-12-19,0.7586206896551725,0.6425,0.66375
657,2011-12-26,0.7586206896551725,0.6475,0.66875
658,2010-01-04,0.3497536945812808,0.37,0.4013
659,2010-01-11,0.35467980295566504,0.3725,0.4075
660,2010-01-18,0.35467980295566504,0.3725,0.4075
661,2010-01-25,0.3522167487684729,0.38,0.4075
662,2010-02-01,0.3448275862068966,0.38,0.405
663,2010-02-08,0.3448275862068966,0.38,0.405
664,2010-02-15,0.3448275862068966,0.3775,0.405
665,2010-02-22,0.3448275862068966,0.3775,0.405
666,2010-03-01,0.3448275862068966,0.3775,0.405
667,2010-03-08,0.3448275862068966,0.37625,0.40375
668,2010-03-15,0.3448275862068966,0.375,0.40375
669,2010-03-22,0.3448275862068966,0.3725,0.40375
670,2010-03-29,0.3448275862068966,0.36625,0.4
671,2010-04-05,0.332512315270936,0.35875,0.4
672,2010-04-12,0.332512315270936,0.35375,0.4
673,2010-04-19,0.3300492610837439,0.345,0.4
674,2010-04-26,0.3300492610837439,0.345,0.4
675,2010-05-03,0.3300492610837439,0.345,0.4
676,2010-05-10,0.3300492610837439,0.345,0.39625
677,2010-05-17,0.32512315270935965,0.345,0.39625
678,2010-05-24,0.32512315270935965,0.345,0.39625
679,2010-05-31,0.32512315270935965,0.345,0.3963
680,2010-06-07,0.32266009852216754,0.345,0.39375
681,2010-06-14,0.32512315270935965,0.345,0.3913
682,2010-06-21,0.32512315270935965,0.345,0.38875
683,2010-06-28,0.32512315270935965,0.345,0.3875
684,2010-07-05,0.32512315270935965,0.345,0.3863
685,2010-07-12,0.32266009852216754,0.3425,0.38625
686,2010-07-19,0.32266009852216754,0.3425,0.38625
687,2010-07-26,0.32266009852216754,0.3425,0.385
688,2010-08-02,0.32266009852216754,0.3425,0.37875
689,2010-08-09,0.32266009852216754,0.345,0.37875
690,2010-08-16,0.32142857142857145,0.345,0.37875
691,2010-08-23,0.32147783251231526,0.345,0.37375
692,2010-08-30,0.3165024630541872,0.345,0.3725
693,2010-09-06,0.3165024630541872,0.345,0.3725
694,2010-09-13,0.31655172413793103,0.345,0.3725
695,2010-09-20,0.31655172413793103,0.345,0.3725
696,2010-09-27,0.31655172413793103,0.3425,0.3725
697,2010-10-04,0.3165024630541872,0.3425,0.3775
698,2010-10-11,0.3300492610837439,0.3475,0.3825
699,2010-10-18,0.3300492610837439,0.3525,0.385
700,2010-10-25,0.3300492610837439,0.3525,0.38625
701,2010-11-01,0.3300492610837439,0.355,0.38625
702,2010-11-08,0.3300492610837439,0.355,0.38875
703,2010-11-15,0.3300492610837439,0.355,0.39
704,2010-11-22,0.3300492610837439,0.355,0.39
705,2010-11-29,0.3300492610837439,0.3575,0.39125
706,2010-12-06,0.3300492610837439,0.3575,0.3925
707,2010-12-13,0.3300492610837439,0.3575,0.3925
708,2010-12-20,0.3300492610837439,0.3575,0.3925
709,2010-12-27,0.3300492610837439,0.3575,0.39375
710,2009-01-01,0.16256157635467983,0.1775,0.1525
711,2009-01-05,0.16256157635467983,0.1775,0.1525
712,2009-01-12,0.13546798029556653,0.175,0.1475
713,2009-01-19,0.13054187192118227,0.175,0.1475
714,2009-01-26,0.13054187192118227,0.155,0.1475
715,2009-02-02,0.13054187192118227,0.155,0.1475
716,2009-02-09,0.12561576354679804,0.155,0.15
717,2009-02-16,0.12561576354679804,0.1575,0.1525
718,2009-02-23,0.12561576354679804,0.15875,0.1575
719,2009-03-02,0.12561576354679804,0.16,0.16125
720,2009-03-09,0.12561576354679804,0.1613,0.1675
721,2009-03-16,0.13054187192118227,0.16625,0.18
722,2009-03-23,0.13177339901477836,0.17,0.19
723,2009-03-30,0.13177339901477836,0.1775,0.2
724,2009-04-06,0.13177339901477836,0.1875,0.21
725,2009-04-13,0.145320197044335,0.19625,0.22
726,2009-04-20,0.14039408866995073,0.205,0.23
727,2009-04-27,0.14285714285714285,0.2125,0.24
728,2009-05-04,0.14408866995073893,0.22125,0.245
729,2009-05-11,0.145320197044335,0.23,0.2525
730,2009-05-18,0.15147783251231528,0.2325,0.26
731,2009-05-25,0.15270935960591134,0.24125,0.2675
732,2009-06-01,0.15886699507389165,0.2525,0.275
733,2009-06-08,0.15886699507389165,0.26,0.29
734,2009-06-15,0.15886699507389165,0.2675,0.3
735,2009-06-22,0.17733990147783252,0.26875,0.305
736,2009-06-29,0.18226600985221678,0.2775,0.31
737,2009-07-06,0.19458128078817738,0.28625,0.315
738,2009-07-13,0.1970443349753695,0.2875,0.32
739,2009-07-20,0.1970443349753695,0.295,0.32
740,2009-07-27,0.1995073891625616,0.295,0.32
741,2009-08-03,0.1995073891625616,0.295,0.32
742,2009-08-10,0.23645320197044337,0.3,0.32
743,2009-08-17,0.2413793103448276,0.3,0.32
744,2009-08-22,0.2438423645320197,0.3,0.32
745,2009-08-31,0.24630541871921185,0.3,0.32
746,2009-09-07,0.24630541871921185,0.3,0.32
747,2009-09-14,0.2512315270935961,0.3,0.32
748,2009-09-21,0.26108374384236455,0.305,0.32
749,2009-09-28,0.26108374384236455,0.31,0.325
750,2009-10-05,0.2955665024630542,0.3175,0.33
751,2009-10-12,0.3103448275862069,0.3225,0.3325
752,2009-10-19,0.3152709359605912,0.3275,0.335
753,2009-10-26,0.3177339901477833,0.335,0.3425
754,2009-11-02,0.3177339901477833,0.3375,0.35
755,2009-11-10,0.3300492610837439,0.34,0.355
756,2009-11-16,0.3300492610837439,0.3425,0.36
757,2009-11-23,0.332512315270936,0.34625,0.3675
758,2009-11-30,0.332512315270936,0.3475,0.37375
759,2009-12-07,0.3448275862068966,0.35,0.3775
760,2009-12-14,0.3448275862068966,0.3575,0.385
761,2009-12-21,0.3448275862068966,0.36,0.395
762,2008-01-01,0.4039408866995074,0.4325,0.435
763,2008-01-07,0.3448275862068966,0.4325,0.42
764,2008-01-14,0.27093596059113306,0.37125,0.385
765,2008-01-21,0.26108374384236455,0.34375,0.335
766,2008-01-28,0.2561576354679803,0.305,0.315
767,2008-02-04,0.2561576354679803,0.2675,0.285
768,2008-02-11,0.2561576354679803,0.25875,0.265
769,2008-02-18,0.2561576354679803,0.2525,0.2475
770,2008-02-25,0.2561576354679803,0.24,0.2375
771,2008-03-03,0.2561576354679803,0.24,0.235
772,2008-03-10,0.2561576354679803,0.24,0.235
773,2008-03-17,0.26108374384236455,0.24,0.24
774,2008-03-24,0.26108374384236455,0.24,0.2475
775,2008-03-31,0.26108374384236455,0.24,0.26
776,2008-04-07,0.2561576354679803,0.2425,0.27
777,2008-04-14,0.26600985221674883,0.2475,0.275
778,2008-04-21,0.26600985221674883,0.25,0.2775
779,2008-04-28,0.26600985221674883,0.255,0.2825
780,2008-05-05,0.26600985221674883,0.255,0.2825
781,2008-05-12,0.26847290640394095,0.25625,0.2825
782,2008-05-19,0.27093596059113306,0.26125,0.28
783,2008-05-26,0.2733990147783252,0.26,0.28
784,2008-06-02,0.2733990147783252,0.26,0.28
785,2008-06-09,0.2733990147783252,0.26,0.28
786,2008-06-16,0.2733990147783252,0.26,0.28
787,2008-06-23,0.2733990147783252,0.255,0.28
788,2008-06-30,0.2733990147783252,0.2525,0.28
789,2008-07-07,0.2733990147783252,0.25,0.28
790,2008-07-14,0.2512315270935961,0.25,0.28
791,2008-07-21,0.2524630541871921,0.25,0.28
792,2008-07-28,0.24753694581280788,0.24,0.28
793,2008-08-04,0.24261083743842365,0.235,0.28
794,2008-08-11,0.24014778325123154,0.23,0.28
795,2008-08-18,0.24014778325123154,0.22,0.275
796,2008-08-23,0.2352216748768473,0.2125,0.2675
797,2008-09-01,0.2352216748768473,0.20625,0.255
798,2008-09-08,0.2266009852216749,0.2025,0.2425
799,2008-09-15,0.21674876847290642,0.2,0.2275
800,2008-09-22,0.20689655172413796,0.195,0.21
801,2008-09-29,0.20689655172413796,0.1875,0.2
802,2008-10-06,0.1970443349753695,0.1875,0.185
803,2008-10-13,0.17733990147783252,0.1875,0.185
804,2008-10-20,0.18226600985221678,0.1875,0.185
805,2008-10-27,0.17733990147783252,0.1875,0.175
806,2008-11-03,0.1724137931034483,0.185,0.17
807,2008-11-10,0.1724137931034483,0.185,0.17
808,2008-11-17,0.16256157635467983,0.185,0.165
809,2008-11-24,0.16256157635467983,0.1825,0.16
810,2008-12-01,0.16256157635467983,0.1825,0.16
811,2008-12-08,0.16256157635467983,0.1825,0.16
812,2008-12-15,0.16256157635467983,0.1775,0.16
813,2008-12-22,0.16256157635467983,0.1775,0.155
814,2007-01-01,0.4285714285714286,0.415,0.46
815,2007-01-08,0.5320197044334977,0.46,0.475
816,2007-01-15,0.5320197044334977,0.47625,0.4825
817,2007-01-22,0.5467980295566504,0.4763,0.495
818,2007-01-29,0.5467980295566504,0.545,0.525
819,2007-02-05,0.5566502463054187,0.58375,0.55
820,2007-02-12,0.5566502463054187,0.65125,0.575
821,2007-02-19,0.5701970443349754,0.685,0.59
822,2007-02-26,0.6059113300492611,0.695,0.6
823,2007-03-05,0.6453201970443351,0.7175,0.625
824,2007-03-12,0.6798029556650247,0.75,0.65
825,2007-03-19,0.7044334975369458,0.765,0.695
826,2007-03-26,0.7549261083743843,0.765,0.71
827,2007-04-02,0.7549261083743843,0.765,0.72
828,2007-04-09,0.8965517241379312,0.7925,0.74
829,2007-04-16,0.9076354679802957,0.7925,0.74
830,2007-04-23,0.9162561576354681,0.7825,0.755
831,2007-04-30,0.9162561576354681,0.7525,0.7775
832,2007-05-07,0.9162561576354681,0.7375,0.795
833,2007-05-14,0.9162561576354681,0.73,0.805
834,2007-05-21,0.9162561576354681,0.73,0.8175
835,2007-05-28,0.9162561576354681,0.73,0.82375
836,2007-06-04,0.9162561576354681,0.73,0.82375
837,2007-06-11,0.9162561576354681,0.73,0.82375
838,2007-06-18,0.9162561576354681,0.73,0.82375
839,2007-06-25,0.9162561576354681,0.725,0.8238
840,2007-07-02,0.9162561576354681,0.7225,0.81875
841,2007-07-09,1.0,0.70125,0.8025
842,2007-07-16,1.0,0.69625,0.7775
843,2007-07-23,1.0,0.67,0.725
844,2007-07-30,0.9901477832512315,0.635,0.6925
845,2007-08-06,0.9901477832512315,0.6125,0.655
846,2007-08-13,0.9753694581280788,0.5975,0.65125
847,2007-08-20,0.9753694581280788,0.5675,0.57
848,2007-08-27,0.9408866995073892,0.5425,0.55
849,2007-09-03,0.8177339901477833,0.5025,0.485
850,2007-09-10,0.7857142857142858,0.4775,0.4575
851,2007-09-17,0.7857142857142858,0.4525,0.42
852,2007-09-24,0.7857142857142858,0.4275,0.405
853,2007-10-01,0.7857142857142858,0.4025,0.395
854,2007-10-08,0.5615763546798029,0.39875,0.4
855,2007-10-15,0.5369458128078819,0.4,0.405
856,2007-10-22,0.5369458128078819,0.4075,0.41
857,2007-10-29,0.5270935960591134,0.40875,0.415
858,2007-11-05,0.46305418719211827,0.42,0.42
859,2007-11-12,0.46305418719211827,0.4325,0.43
860,2007-11-19,0.4532019704433498,0.4425,0.44
861,2007-11-26,0.4532019704433498,0.4475,0.4425
862,2007-12-03,0.4285714285714286,0.4475,0.4425
863,2007-12-10,0.4285714285714286,0.445,0.4425
864,2007-12-17,0.4285714285714286,0.44,0.4425
865,2007-12-24,0.4039408866995074,0.4325,0.435
866,2006-01-02,0.21674876847290642,0.3275,0.3438
867,2006-01-09,0.2266009852216749,0.3375,0.34625
868,2006-01-16,0.23152709359605914,0.3425,0.3475
869,2006-01-23,0.23152709359605914,0.345,0.34875
870,2006-01-30,0.23891625615763548,0.34875,0.3525
871,2006-02-06,0.23891625615763548,0.35125,0.3525
872,2006-02-13,0.23891625615763548,0.3513,0.3525
873,2006-02-20,0.23891625615763548,0.3513,0.35
874,2006-02-27,0.23891625615763548,0.35,0.35
875,2006-03-06,0.23891625615763548,0.3475,0.3475
876,2006-03-13,0.23891625615763548,0.33375,0.3425
877,2006-03-20,0.23891625615763548,0.3225,0.335
878,2006-03-27,0.23891625615763548,0.31125,0.3275
879,2006-04-03,0.2413793103448276,0.3,0.32125
880,2006-04-10,0.2536945812807882,0.2925,0.31375
881,2006-04-17,0.2561576354679803,0.29125,0.31
882,2006-04-24,0.2561576354679803,0.2875,0.305
883,2006-05-01,0.25862068965517243,0.2725,0.305
884,2006-05-08,0.25862068965517243,0.2725,0.305
885,2006-05-15,0.2635467980295567,0.2725,0.3025
886,2006-05-22,0.27093596059113306,0.2725,0.3
887,2006-05-29,0.27093596059113306,0.2725,0.295
888,2006-06-05,0.27093596059113306,0.275,0.29
889,2006-06-12,0.27093596059113306,0.275,0.29
890,2006-06-19,0.27093596059113306,0.275,0.29
891,2006-06-26,0.28817733990147787,0.275,0.29
892,2006-07-03,0.2955665024630542,0.275,0.29
893,2006-07-10,0.3201970443349754,0.275,0.29
894,2006-07-17,0.32512315270935965,0.275,0.29
895,2006-07-24,0.32512315270935965,0.29,0.2925
896,2006-07-31,0.32512315270935965,0.295,0.295
897,2006-08-07,0.32512315270935965,0.3,0.29625
898,2006-08-14,0.32512315270935965,0.305,0.30125
899,2006-08-21,0.3349753694581281,0.31,0.30625
900,2006-08-28,0.33990147783251234,0.3175,0.31
901,2006-09-04,0.3448275862068966,0.3275,0.31
902,2006-09-11,0.35467980295566504,0.3275,0.315
903,2006-09-18,0.35467980295566504,0.3525,0.325
904,2006-09-25,0.35467980295566504,0.3625,0.335
905,2006-10-02,0.36453201970443355,0.3725,0.345
906,2006-10-09,0.4088669950738916,0.385,0.3525
907,2006-10-16,0.4137931034482759,0.39,0.35875
908,2006-10-23,0.4137931034482759,0.395,0.36375
909,2006-10-30,0.4137931034482759,0.395,0.37375
910,2006-11-06,0.4137931034482759,0.4,0.38
911,2006-11-13,0.4236453201970444,0.4075,0.3925
912,2006-11-20,0.4236453201970444,0.4125,0.4075
913,2006-11-27,0.4236453201970444,0.415,0.415
914,2006-12-04,0.4285714285714286,0.415,0.4225
915,2006-12-11,0.4285714285714286,0.415,0.43
916,2006-12-18,0.4285714285714286,0.415,0.435
917,2006-12-25,0.4285714285714286,0.415,0.445
918,2005-01-03,0.18226600985221678,0.2425,0.255
919,2005-01-10,0.1724137931034483,0.2425,0.25875
920,2005-01-17,0.1724137931034483,0.2425,0.26
921,2005-01-24,0.1724137931034483,0.2425,0.26
922,2005-01-30,0.1724137931034483,0.2425,0.26
923,2005-02-07,0.1724137931034483,0.2425,0.26
924,2005-02-14,0.1724137931034483,0.2425,0.2625
925,2005-02-21,0.1724137931034483,0.2425,0.26375
926,2005-02-28,0.1724137931034483,0.2425,0.26625
927,2005-03-07,0.1724137931034483,0.2425,0.2675
928,2005-03-14,0.1724137931034483,0.2425,0.26875
929,2005-03-21,0.1724137931034483,0.2425,0.27125
930,2005-03-28,0.1724137931034483,0.24625,0.2725
931,2005-04-04,0.1724137931034483,0.25,0.27375
932,2005-04-11,0.17733990147783252,0.25,0.27625
933,2005-04-18,0.17733990147783252,0.25,0.2775
934,2005-04-25,0.17733990147783252,0.25,0.28
935,2005-05-02,0.17733990147783252,0.25,0.28375
936,2005-05-09,0.17733990147783252,0.25,0.2838
937,2005-05-16,0.17733990147783252,0.2525,0.2875
938,2005-05-23,0.17857142857142858,0.25625,0.28875
939,2005-05-30,0.17862068965517242,0.25875,0.29
940,2005-06-06,0.18349753694581283,0.25875,0.2925
941,2005-06-13,0.1847290640394089,0.2625,0.295
942,2005-06-20,0.1847290640394089,0.2625,0.29625
943,2005-06-27,0.187192118226601,0.265,0.29875
944,2005-07-04,0.187192118226601,0.2675,0.30125
945,2005-07-11,0.1970443349753695,0.27,0.30375
946,2005-07-18,0.1970443349753695,0.2725,0.30625
947,2005-07-25,0.1970443349753695,0.2725,0.31
948,2005-08-01,0.1970443349753695,0.2725,0.31
949,2005-08-08,0.1970443349753695,0.2775,0.31
950,2005-08-15,0.1970443349753695,0.2825,0.31
951,2005-08-22,0.1970443349753695,0.2825,0.31
952,2005-08-29,0.1970443349753695,0.29,0.31
953,2005-09-05,0.1995073891625616,0.29,0.315
954,2005-09-12,0.1995073891625616,0.29,0.3175
955,2005-09-19,0.2019704433497537,0.29,0.32125
956,2005-09-26,0.2019704433497537,0.29,0.3225
957,2005-10-03,0.2019704433497537,0.29375,0.3225
958,2005-10-10,0.20935960591133007,0.3,0.3225
959,2005-10-17,0.20935960591133007,0.3,0.32125
960,2005-10-24,0.2142857142857143,0.3,0.3216
961,2005-10-31,0.2142857142857143,0.3,0.32375
962,2005-11-07,0.2142857142857143,0.3,0.32625
963,2005-11-14,0.21674876847290642,0.315,0.3275
964,2005-11-21,0.21674876847290642,0.32,0.33
965,2005-11-28,0.21674876847290642,0.32,0.3325
966,2005-12-05,0.21674876847290642,0.32,0.3338
967,2005-12-12,0.21674876847290642,0.32,0.3375
968,2005-12-19,0.21674876847290642,0.32,0.33875
969,2005-12-26,0.21674876847290642,0.3275,0.34375
970,2004-01-01,0.20935960591133007,0.18875,0.175
971,2004-01-05,0.22167487684729067,0.1875,0.175
972,2004-01-12,0.22167487684729067,0.1875,0.17125
973,2004-01-19,0.22167487684729067,0.1825,0.17
974,2004-01-26,0.22167487684729067,0.17625,0.16625
975,2004-02-02,0.22167487684729067,0.17375,0.165
976,2004-02-09,0.22167487684729067,0.1725,0.165
977,2004-02-16,0.22167487684729067,0.1675,0.1625
978,2004-02-23,0.22167487684729067,0.1675,0.16
979,2004-03-01,0.22167487684729067,0.17,0.16
980,2004-03-08,0.22167487684729067,0.175,0.1625
981,2004-03-15,0.22167487684729067,0.185,0.16625
982,2004-03-22,0.22167487684729067,0.21,0.1775
983,2004-03-29,0.22167487684729067,0.25,0.20375
984,2004-04-05,0.23399014778325125,0.27,0.2125
985,2004-04-12,0.23399014778325125,0.285,0.22
986,2004-04-19,0.23399014778325125,0.295,0.2275
987,2004-04-26,0.23399014778325125,0.305,0.24
988,2004-05-03,0.23399014778325125,0.31,0.255
989,2004-05-10,0.23399014778325125,0.31,0.2625
990,2004-05-17,0.23399014778325125,0.31,0.265
991,2004-05-24,0.23399014778325125,0.31,0.27
992,2004-05-31,0.23399014778325125,0.31,0.275
993,2004-06-07,0.23399014778325125,0.305,0.275
994,2004-06-14,0.23399014778325125,0.3,0.2725
995,2004-06-21,0.23399014778325125,0.285,0.26375
996,2004-06-28,0.23399014778325125,0.28,0.255
997,2004-07-05,0.23399014778325125,0.27,0.245
998,2004-07-12,0.22906403940886702,0.26375,0.2375
999,2004-07-19,0.2266009852216749,0.25625,0.2325
1000,2004-07-26,0.22167487684729067,0.245,0.2275
1001,2004-08-02,0.22167487684729067,0.2325,0.22
1002,2004-08-09,0.22167487684729067,0.2225,0.22
1003,2004-08-16,0.22167487684729067,0.22,0.2175
1004,2004-08-23,0.20935960591133007,0.215,0.215
1005,2004-08-30,0.20935960591133007,0.215,0.2125
1006,2004-09-06,0.2019704433497537,0.215,0.21125
1007,2004-09-13,0.2019704433497537,0.215,0.215
1008,2004-09-20,0.1970443349753695,0.215,0.21875
1009,2004-09-27,0.1970443349753695,0.215,0.2225
1010,2004-10-04,0.19211822660098524,0.22,0.2225
1011,2004-10-11,0.187192118226601,0.225,0.225
1012,2004-10-18,0.187192118226601,0.2275,0.2275
1013,2004-10-25,0.18226600985221678,0.23,0.23125
1014,2004-11-01,0.18226600985221678,0.2325,0.235
1015,2004-11-08,0.18226600985221678,0.235,0.2375
1016,2004-11-15,0.18226600985221678,0.2425,0.24125
1017,2004-11-22,0.18226600985221678,0.2425,0.245
1018,2004-11-29,0.18226600985221678,0.2425,0.25625
1019,2004-12-06,0.18226600985221678,0.2425,0.24875
1020,2004-12-13,0.18226600985221678,0.2425,0.2525
1021,2004-12-20,0.18226600985221678,0.2425,0.255
1022,2004-12-27,0.18226600985221678,0.2425,0.255
1023,2003-01-01,0.16256157635467983,0.1725,0.2125
1024,2003-01-06,0.16502463054187194,0.1725,0.205
1025,2003-01-13,0.16502463054187194,0.1575,0.1825
1026,2003-01-20,0.16502463054187194,0.1575,0.1825
1027,2003-01-27,0.16502463054187194,0.1575,0.17125
1028,2003-02-03,0.16502463054187194,0.1575,0.16625
1029,2003-02-10,0.16748768472906406,0.1575,0.16375
1030,2003-02-17,0.16748768472906406,0.1575,0.16
1031,2003-02-24,0.16748768472906406,0.1575,0.15625
1032,2003-03-03,0.16748768472906406,0.1575,0.15375
1033,2003-03-10,0.16748768472906406,0.1575,0.1525
1034,2003-03-17,0.16748768472906406,0.1575,0.1525
1035,2003-03-24,0.16748768472906406,0.1575,0.1525
1036,2003-03-31,0.16748768472906406,0.1575,0.1525
1037,2003-04-07,0.16995073891625617,0.1575,0.1525
1038,2003-04-14,0.1748768472906404,0.1575,0.1475
1039,2003-04-21,0.1748768472906404,0.155,0.14
1040,2003-04-28,0.1748768472906404,0.15,0.1375
1041,2003-05-05,0.1748768472906404,0.15,0.1375
1042,2003-05-12,0.1748768472906404,0.14375,0.13625
1043,2003-05-19,0.1748768472906404,0.1425,0.135
1044,2003-05-26,0.17733990147783252,0.14,0.135
1045,2003-06-02,0.17733990147783252,0.1375,0.135
1046,2003-06-09,0.17733990147783252,0.135,0.135
1047,2003-06-16,0.17733990147783252,0.1375,0.1375
1048,2003-06-23,0.17733990147783252,0.1425,0.13875
1049,2003-06-30,0.17733990147783252,0.145,0.14
1050,2003-07-07,0.187192118226601,0.1475,0.1425
1051,2003-07-14,0.187192118226601,0.15,0.14625
1052,2003-07-21,0.187192118226601,0.1525,0.15
1053,2003-07-28,0.187192118226601,0.1575,0.155
1054,2003-08-04,0.18965517241379312,0.16,0.1625
1055,2003-08-11,0.18965517241379312,0.1625,0.16625
1056,2003-08-18,0.19211822660098524,0.1675,0.17
1057,2003-08-25,0.19211822660098524,0.17,0.175
1058,2003-09-01,0.19458128078817738,0.1725,0.1775
1059,2003-09-08,0.19581280788177344,0.175,0.17875
1060,2003-09-15,0.1970443349753695,0.18,0.1825
1061,2003-09-22,0.1970443349753695,0.185,0.1825
1062,2003-09-29,0.1970443349753695,0.19,0.1875
1063,2003-10-06,0.20935960591133007,0.1925,0.18875
1064,2003-10-13,0.20935960591133007,0.1925,0.19125
1065,2003-10-20,0.20935960591133007,0.195,0.19375
1066,2003-10-27,0.20935960591133007,0.1927,0.195
1067,2003-11-03,0.20935960591133007,0.1975,0.195
1068,2003-11-10,0.20935960591133007,0.1975,0.195
1069,2003-11-17,0.20935960591133007,0.2,0.195
1070,2003-11-24,0.20935960591133007,0.2,0.195
1071,2003-12-01,0.20935960591133007,0.2025,0.19375
1072,2003-12-08,0.20935960591133007,0.2025,0.19
1073,2003-12-15,0.20935960591133007,0.1975,0.185
1074,2003-12-22,0.20935960591133007,0.1925,0.18
1075,2002-01-01,0.2142857142857143,0.2975,0.2575
1076,2002-01-07,0.21921182266009856,0.2975,0.25125
1077,2002-01-14,0.21921182266009856,0.2875,0.245
1078,2002-01-21,0.21921182266009856,0.2725,0.235
1079,2002-01-28,0.21921182266009856,0.25,0.23
1080,2002-02-04,0.21921182266009856,0.2425,0.23
1081,2002-02-11,0.21921182266009856,0.23,0.2275
1082,2002-02-18,0.21921182266009856,0.215,0.225
1083,2002-02-25,0.21921182266009856,0.205,0.22
1084,2002-03-04,0.21921182266009856,0.2025,0.2125
1085,2002-03-11,0.21921182266009856,0.2025,0.21375
1086,2002-03-18,0.21921182266009856,0.2125,0.21375
1087,2002-03-25,0.21921182266009856,0.2125,0.21125
1088,2002-04-01,0.21921182266009856,0.195,0.2075
1089,2002-04-08,0.20935960591133007,0.19125,0.20375
1090,2002-04-15,0.2019704433497537,0.1875,0.2025
1091,2002-04-22,0.1970443349753695,0.1825,0.19125
1092,2002-04-29,0.19211822660098524,0.18,0.185
1093,2002-05-06,0.19211822660098524,0.18,0.185
1094,2002-05-13,0.18226600985221678,0.1725,0.1725
1095,2002-05-20,0.17733990147783252,0.165,0.1675
1096,2002-05-27,0.17733990147783252,0.1625,0.1675
1097,2002-06-03,0.17733990147783252,0.1625,0.165
1098,2002-06-10,0.1724137931034483,0.16,0.1625
1099,2002-06-17,0.1724137931034483,0.16,0.1575
1100,2002-06-24,0.1724137931034483,0.155,0.15
1101,2002-07-01,0.1724137931034483,0.155,0.145
1102,2002-07-08,0.1576354679802956,0.155,0.1475
1103,2002-07-15,0.1576354679802956,0.155,0.145
1104,2002-07-21,0.1576354679802956,0.155,0.14375
1105,2002-07-29,0.15517241379310345,0.155,0.145
1106,2002-08-05,0.15517241379310345,0.155,0.145
1107,2002-08-12,0.15517241379310345,0.16,0.1475
1108,2002-08-19,0.15517241379310345,0.1625,0.14625
1109,2002-08-26,0.15517241379310345,0.1675,0.14875
1110,2002-09-02,0.15517241379310345,0.1725,0.1525
1111,2002-09-09,0.15517241379310345,0.1825,0.15375
1112,2002-09-16,0.15517241379310345,0.195,0.15875
1113,2002-09-23,0.15517241379310345,0.21,0.16625
1114,2002-09-30,0.1576354679802956,0.22375,0.17375
1115,2002-10-07,0.1576354679802956,0.23,0.1825
1116,2002-10-14,0.1576354679802956,0.2375,0.18625
1117,2002-10-21,0.16256157635467983,0.24375,0.1925
1118,2002-10-28,0.16256157635467983,0.2475,0.195
1119,2002-11-04,0.16256157635467983,0.2425,0.2025
1120,2002-11-11,0.16256157635467983,0.2425,0.205
1121,2002-11-18,0.16256157635467983,0.2375,0.2125
1122,2002-11-25,0.16256157635467983,0.22375,0.215
1123,2002-12-02,0.16256157635467983,0.2075,0.22
1124,2002-12-09,0.16256157635467983,0.1925,0.22
1125,2002-12-16,0.16256157635467983,0.1838,0.22
1126,2002-12-23,0.16256157635467983,0.1775,0.21625
1127,2001-01-01,0.16256157635467983,0.2625,0.2088
1128,2001-01-08,0.16502463054187194,0.265,0.2125
1129,2001-01-15,0.16502463054187194,0.27,0.2225
1130,2001-01-22,0.16502463054187194,0.27,0.2275
1131,2001-01-29,0.16502463054187194,0.27,0.2338
1132,2001-02-05,0.16502463054187194,0.27,0.2363
1133,2001-02-12,0.16502463054187194,0.2625,0.235
1134,2001-02-19,0.16502463054187194,0.255,0.2325
1135,2001-02-26,0.16502463054187194,0.25,0.2325
1136,2001-03-05,0.16502463054187194,0.2475,0.23375
1137,2001-03-12,0.16502463054187194,0.2425,0.23625
1138,2001-03-19,0.16502463054187194,0.2425,0.24
1139,2001-03-26,0.16502463054187194,0.2425,0.24
1140,2001-04-02,0.1748768472906404,0.2425,0.245
1141,2001-04-09,0.1748768472906404,0.2475,0.2475
1142,2001-04-16,0.1748768472906404,0.2475,0.25125
1143,2001-04-23,0.17610837438423646,0.2525,0.2525
1144,2001-04-30,0.17610837438423646,0.2525,0.2525
1145,2001-05-07,0.17857142857142858,0.2575,0.255
1146,2001-05-14,0.17857142857142858,0.26,0.25875
1147,2001-05-21,0.17980295566502463,0.2675,0.26125
1148,2001-05-28,0.1847290640394089,0.27375,0.26375
1149,2001-06-04,0.19211822660098524,0.28,0.265
1150,2001-06-11,0.19458128078817738,0.2875,0.2675
1151,2001-06-18,0.19458128078817738,0.295,0.2675
1152,2001-06-25,0.19458128078817738,0.295,0.2675
1153,2001-07-02,0.19458128078817738,0.295,0.26875
1154,2001-07-09,0.2044334975369458,0.295,0.26875
1155,2001-07-16,0.2044334975369458,0.295,0.27
1156,2001-07-23,0.2044334975369458,0.295,0.27
1157,2001-07-30,0.2044334975369458,0.295,0.27
1158,2001-08-06,0.2044334975369458,0.295,0.2738
1159,2001-08-13,0.2044334975369458,0.2938,0.2725
1160,2001-08-20,0.2044334975369458,0.2938,0.2725
1161,2001-08-27,0.2044334975369458,0.29375,0.2725
1162,2001-09-03,0.2044334975369458,0.2938,0.2725
1163,2001-09-10,0.2044334975369458,0.2938,0.2725
1164,2001-09-17,0.2044334975369458,0.2938,0.2725
1165,2001-09-24,0.2044334975369458,0.29375,0.2725
1166,2001-10-01,0.2044334975369458,0.2938,0.2725
1167,2001-10-08,0.2142857142857143,0.2938,0.27375
1168,2001-10-15,0.2142857142857143,0.2925,0.2738
1169,2001-10-22,0.2142857142857143,0.29,0.2738
1170,2001-10-29,0.2142857142857143,0.2875,0.2738
1171,2001-11-05,0.2142857142857143,0.2875,0.2738
1172,2001-11-12,0.2142857142857143,0.2925,0.2738
1173,2001-11-19,0.2142857142857143,0.29625,0.2738
1174,2001-11-26,0.2142857142857143,0.2963,0.2738
1175,2001-12-03,0.2142857142857143,0.2975,0.2738
1176,2001-12-10,0.2142857142857143,0.2975,0.27125
1177,2001-12-17,0.2142857142857143,0.2975,0.2675
1178,2001-12-24,0.2142857142857143,0.2975,0.26125
1179,2000-01-03,0.19211822660098524,0.1825,0.1975
1180,2000-01-10,0.1970443349753695,0.1825,0.19625
1181,2000-01-17,0.1970443349753695,0.18,0.19375
1182,2000-01-24,0.1970443349753695,0.18,0.19
1183,2000-01-31,0.1970443349753695,0.1775,0.185
1184,2000-02-07,0.1970443349753695,0.1775,0.1825
1185,2000-02-14,0.1970443349753695,0.175,0.17875
1186,2000-02-21,0.1970443349753695,0.175,0.17625
1187,2000-02-28,0.1970443349753695,0.175,0.17375
1188,2000-03-06,0.1970443349753695,0.175,0.17375
1189,2000-03-13,0.1970443349753695,0.175,0.17375
1190,2000-03-20,0.1970443349753695,0.175,0.17375
1191,2000-03-27,0.1970443349753695,0.175,0.17375
1192,2000-04-03,0.1970443349753695,0.175,0.17375
1193,2000-04-10,0.1970443349753695,0.175,0.17375
1194,2000-04-17,0.1970443349753695,0.175,0.1725
1195,2000-04-24,0.1970443349753695,0.175,0.171255
1196,2000-05-01,0.1970443349753695,0.175,0.171255
1197,2000-05-08,0.1970443349753695,0.175,0.171255
1198,2000-05-15,0.1970443349753695,0.175,0.1713
1199,2000-05-22,0.1970443349753695,0.175,0.1713
1200,2000-05-29,0.1970443349753695,0.175,0.17125
1201,2000-06-05,0.1970443349753695,0.1775,0.1725
1202,2000-06-12,0.19211822660098524,0.18,0.1725
1203,2000-06-19,0.19211822660098524,0.185,0.1725
1204,2000-06-26,0.19211822660098524,0.19,0.17375
1205,2000-07-03,0.1847290640394089,0.1925,0.175
1206,2000-07-10,0.18226600985221678,0.195,0.1775
1207,2000-07-17,0.1748768472906404,0.1975,0.17875
1208,2000-07-24,0.1724137931034483,0.1975,0.18125
1209,2000-07-31,0.1724137931034483,0.1975,0.18375
1210,2000-08-07,0.1724137931034483,0.19375,0.18375
1211,2000-08-14,0.1724137931034483,0.1925,0.18375
1212,2000-08-21,0.16748768472906406,0.19,0.18375
1213,2000-08-28,0.16748768472906406,0.185,0.1838
1214,2000-09-04,0.16748768472906406,0.18,0.1838
1215,2000-09-11,0.16748768472906406,0.18,0.1838
1216,2000-09-18,0.16748768472906406,0.18,0.1838
1217,2000-09-25,0.16256157635467983,0.175,0.1838
1218,2000-10-02,0.16256157635467983,0.175,0.1838
1219,2000-10-09,0.16256157635467983,0.175,0.1838
1220,2000-10-16,0.16256157635467983,0.175,0.1838
1221,2000-10-23,0.16256157635467983,0.18,0.1838
1222,2000-10-30,0.16256157635467983,0.1825,0.1838
1223,2000-11-06,0.16256157635467983,0.1875,0.1838
1224,2000-11-13,0.16256157635467983,0.19375,0.18625
1225,2000-11-20,0.16256157635467983,0.2,0.19125
1226,2000-11-27,0.16256157635467983,0.215,0.19
1227,2000-12-03,0.16256157635467983,0.225,0.195
1228,2000-12-11,0.16256157635467983,0.2325,0.1975
1229,2000-12-18,0.16256157635467983,0.2425,0.2
1230,2000-12-25,0.16256157635467983,0.2525,0.20375
1231,1999-01-04,0.16502463054187194,0.2375,0.235
1232,1999-01-11,0.16502463054187194,0.23,0.23
1233,1999-01-18,0.16502463054187194,0.2025,0.225
1234,1999-01-25,0.16502463054187194,0.19,0.2175
1235,1999-02-01,0.16502463054187194,0.185,0.2075
1236,1999-02-08,0.16502463054187194,0.185,0.19875
1237,1999-02-15,0.16502463054187194,0.185,0.195
1238,1999-02-22,0.16502463054187194,0.185,0.195
1239,1999-03-01,0.16502463054187194,0.185,0.195
1240,1999-03-08,0.16502463054187194,0.185,0.195
1241,1999-03-15,0.16502463054187194,0.185,0.195
1242,1999-03-22,0.16502463054187194,0.185,0.1925
1243,1999-03-29,0.16502463054187194,0.185,0.19
1244,1999-04-05,0.16256157635467983,0.1825,0.185
1245,1999-04-12,0.16256157635467983,0.1825,0.1825
1246,1999-04-19,0.16256157635467983,0.1775,0.1825
1247,1999-04-26,0.16256157635467983,0.17375,0.18125
1248,1999-05-03,0.16256157635467983,0.17375,0.17625
1249,1999-05-10,0.16256157635467983,0.17375,0.17375
1250,1999-05-17,0.16256157635467983,0.1725,0.1725
1251,1999-05-24,0.16256157635467983,0.1725,0.17
1252,1999-05-31,0.16256157635467983,0.1725,0.16875
1253,1999-06-07,0.16502463054187194,0.1725,0.1675
1254,1999-06-14,0.16995073891625617,0.1725,0.1675
1255,1999-06-21,0.1724137931034483,0.1725,0.1675
1256,1999-06-28,0.1724137931034483,0.1725,0.16875
1257,1999-07-05,0.1724137931034483,0.175,0.16875
1258,1999-07-12,0.1724137931034483,0.175,0.17
1259,1999-07-19,0.1724137931034483,0.175,0.1725
1260,1999-07-26,0.17733990147783252,0.1775,0.17375
1261,1999-08-02,0.17733990147783252,0.1775,0.17375
1262,1999-08-09,0.18226600985221678,0.185,0.17375
1263,1999-08-16,0.1847290640394089,0.1925,0.175
1264,1999-08-23,0.1847290640394089,0.19625,0.175
1265,1999-08-30,0.187192118226601,0.2,0.1775
1266,1999-09-06,0.187192118226601,0.2025,0.17875
1267,1999-09-13,0.187192118226601,0.2025,0.1825
1268,1999-09-20,0.187192118226601,0.2025,0.18625
1269,1999-09-27,0.187192118226601,0.2025,0.1875
1270,1999-10-04,0.187192118226601,0.2025,0.19125
1271,1999-10-11,0.19211822660098524,0.2,0.195
1272,1999-10-18,0.19211822660098524,0.19875,0.2
1273,1999-10-25,0.19211822660098524,0.19,0.20125
1274,1999-11-01,0.19211822660098524,0.1825,0.20125
1275,1999-11-08,0.19211822660098524,0.1825,0.20125
1276,1999-11-15,0.19211822660098524,0.1775,0.20125
1277,1999-11-22,0.19211822660098524,0.18,0.20125
1278,1999-11-29,0.19211822660098524,0.18,0.2025
1279,1999-12-06,0.19211822660098524,0.18,0.2025
1280,1999-12-13,0.19211822660098524,0.18125,0.2025
1281,1999-12-20,0.19211822660098524,0.1825,0.2
1282,1999-12-27,0.19211822660098524,0.1825,0.1975
1283,1998-01-01,0.2118226600985222,0.3325,0.29
1284,1998-01-05,0.2118226600985222,0.3325,0.29
1285,1998-01-12,0.2142857142857143,0.315,0.275
1286,1998-01-19,0.2142857142857143,0.295,0.25
1287,1998-01-26,0.2142857142857143,0.255,0.23
1288,1998-02-03,0.2142857142857143,0.245,0.22
1289,1998-02-09,0.2142857142857143,0.245,0.21375
1290,1998-02-16,0.2142857142857143,0.245,0.2125
1291,1998-02-23,0.2142857142857143,0.245,0.21375
1292,1998-03-02,0.2142857142857143,0.245,0.2138
1293,1998-03-09,0.21674876847290642,0.245,0.2138
1294,1998-03-16,0.21674876847290642,0.2425,0.2163
1295,1998-03-23,0.21674876847290642,0.24125,0.2175
1296,1998-03-30,0.21674876847290642,0.235,0.22125
1297,1998-04-06,0.21674876847290642,0.23,0.2225
1298,1998-04-13,0.2118226600985222,0.2225,0.2225
1299,1998-04-20,0.2118226600985222,0.2225,0.22625
1300,1998-04-27,0.2118226600985222,0.2225,0.22875
1301,1998-05-04,0.2118226600985222,0.2225,0.22875
1302,1998-05-11,0.2118226600985222,0.2225,0.22875
1303,1998-05-18,0.20689655172413796,0.2275,0.22875
1304,1998-05-25,0.20689655172413796,0.2275,0.225
1305,1998-06-01,0.2019704433497537,0.23,0.225
1306,1998-06-08,0.1970443349753695,0.24,0.225
1307,1998-06-15,0.1970443349753695,0.25,0.2275
1308,1998-06-22,0.19211822660098524,0.2575,0.22875
1309,1998-06-29,0.19211822660098524,0.2675,0.22875
1310,1998-07-06,0.18226600985221678,0.27375,0.23125
1311,1998-07-13,0.18226600985221678,0.27625,0.2325
1312,1998-07-20,0.18226600985221678,0.2775,0.235
1313,1998-07-27,0.18226600985221678,0.27875,0.2375
1314,1998-08-03,0.18226600985221678,0.28,0.2375
1315,1998-08-10,0.18226600985221678,0.28,0.2375
1316,1998-08-17,0.17980295566502463,0.28,0.2375
1317,1998-08-24,0.17980295566502463,0.28,0.2375
1318,1998-08-31,0.17980295566502463,0.28,0.23875
1319,1998-09-07,0.17980295566502463,0.28125,0.23875
1320,1998-09-14,0.17980295566502463,0.2825,0.23875
1321,1998-09-21,0.17980295566502463,0.28375,0.24
1322,1998-09-28,0.17980295566502463,0.28375,0.24125
1323,1998-10-05,0.17733990147783252,0.28125,0.24125
1324,1998-10-12,0.17733990147783252,0.265,0.24125
1325,1998-10-19,0.1724137931034483,0.2525,0.24125
1326,1998-10-26,0.1724137931034483,0.245,0.24125
1327,1998-11-02,0.1724137931034483,0.245,0.24125
1328,1998-11-09,0.1724137931034483,0.245,0.24125
1329,1998-11-16,0.1724137931034483,0.245,0.24125
1330,1998-11-23,0.1724137931034483,0.2475,0.24125
1331,1998-11-30,0.1724137931034483,0.2475,0.24125
1332,1998-12-07,0.1724137931034483,0.2475,0.24125
1333,1998-12-14,0.1724137931034483,0.2475,0.24125
1334,1998-12-21,0.16502463054187194,0.245,0.24
1335,1998-12-28,0.16502463054187194,0.2425,0.2375
1336,1997-01-01,0.21921182266009856,0.1825,0.1875
1337,1997-01-06,0.21921182266009856,0.1825,0.1875
1338,1997-01-13,0.23645320197044337,0.1825,0.19
1339,1997-01-20,0.23645320197044337,0.185,0.195
1340,1997-01-27,0.23645320197044337,0.1875,0.1975
1341,1997-02-03,0.23645320197044337,0.19,0.1975
1342,1997-02-10,0.23645320197044337,0.1975,0.20125
1343,1997-02-17,0.23645320197044337,0.2025,0.2025
1344,1997-02-24,0.23891625615763548,0.2075,0.2025
1345,1997-03-03,0.23891625615763548,0.21,0.20375
1346,1997-03-10,0.23891625615763548,0.2125,0.20375
1347,1997-03-17,0.2413793103448276,0.2125,0.20375
1348,1997-03-24,0.2413793103448276,0.2125,0.20375
1349,1997-03-31,0.2413793103448276,0.21,0.20375
1350,1997-04-07,0.2561576354679803,0.2025,0.20375
1351,1997-04-14,0.2561576354679803,0.18875,0.2025
1352,1997-04-21,0.2561576354679803,0.1775,0.19875
1353,1997-04-28,0.2561576354679803,0.175,0.19625
1354,1997-05-05,0.2561576354679803,0.175,0.19375
1355,1997-05-12,0.2561576354679803,0.175,0.1925
1356,1997-05-19,0.2561576354679803,0.175,0.1925
1357,1997-05-26,0.2536945812807882,0.175,0.1925
1358,1997-06-02,0.2536945812807882,0.1775,0.1925
1359,1997-06-09,0.2536945812807882,0.18,0.1925
1360,1997-06-16,0.2512315270935961,0.1825,0.1975
1361,1997-06-23,0.2512315270935961,0.19,0.2
1362,1997-06-30,0.24630541871921185,0.1975,0.2025
1363,1997-07-07,0.23645320197044337,0.2025,0.20375
1364,1997-07-14,0.23152709359605914,0.21,0.205
1365,1997-07-21,0.23152709359605914,0.215,0.2075
1366,1997-07-28,0.22906403940886702,0.22,0.21
1367,1997-08-04,0.22906403940886702,0.2225,0.215
1368,1997-08-11,0.22906403940886702,0.225,0.215
1369,1997-08-18,0.2266009852216749,0.225,0.215
1370,1997-08-25,0.2266009852216749,0.22625,0.215
1371,1997-09-01,0.2266009852216749,0.2275,0.21375
1372,1997-09-08,0.2266009852216749,0.23,0.21
1373,1997-09-15,0.2266009852216749,0.235,0.2125
1374,1997-09-22,0.2266009852216749,0.245,0.21375
1375,1997-09-29,0.22167487684729067,0.265,0.21875
1376,1997-10-06,0.20935960591133007,0.2875,0.235
1377,1997-10-13,0.20689655172413796,0.3075,0.2525
1378,1997-10-20,0.20689655172413796,0.31375,0.26625
1379,1997-10-27,0.20689655172413796,0.31375,0.2725
1380,1997-11-02,0.20689655172413796,0.31625,0.27625
1381,1997-11-10,0.20689655172413796,0.31625,0.2775
1382,1997-11-17,0.20689655172413796,0.32,0.2825
1383,1997-11-24,0.20689655172413796,0.3225,0.28625
1384,1997-12-01,0.20689655172413796,0.32375,0.28875
1385,1997-12-08,0.20689655172413796,0.32625,0.29
1386,1997-12-15,0.20689655172413796,0.33,0.29
1387,1997-12-22,0.2118226600985222,0.3325,0.29
1388,1996-01-01,0.16748768472906406,0.28,0.255
1389,1996-01-08,0.16748768472906406,0.275,0.255
1390,1996-01-15,0.16748768472906406,0.2625,0.2525
1391,1996-01-22,0.16748768472906406,0.2475,0.2525
1392,1996-01-29,0.16748768472906406,0.235,0.2525
1393,1996-02-05,0.16748768472906406,0.23,0.25
1394,1996-02-12,0.16748768472906406,0.225,0.25
1395,1996-02-19,0.16748768472906406,0.2225,0.2475
1396,1996-02-26,0.16748768472906406,0.2225,0.2475
1397,1996-03-04,0.16748768472906406,0.2225,0.2475
1398,1996-03-11,0.16748768472906406,0.225,0.2475
1399,1996-03-18,0.16748768472906406,0.22625,0.245
1400,1996-03-25,0.16748768472906406,0.2287,0.245
1401,1996-04-01,0.16748768472906406,0.23,0.245
1402,1996-04-08,0.17733990147783252,0.23,0.245
1403,1996-04-15,0.17733990147783252,0.23,0.245
1404,1996-04-22,0.17733990147783252,0.23,0.245
1405,1996-04-29,0.17733990147783252,0.2275,0.24
1406,1996-05-06,0.17980295566502463,0.2225,0.23
1407,1996-05-13,0.17980295566502463,0.2175,0.22
1408,1996-05-20,0.17980295566502463,0.2125,0.21
1409,1996-05-27,0.17980295566502463,0.2125,0.2
1410,1996-06-03,0.17980295566502463,0.2125,0.195
1411,1996-06-10,0.17980295566502463,0.2125,0.195
1412,1996-06-17,0.17980295566502463,0.2125,0.195
1413,1996-06-24,0.17980295566502463,0.2125,0.195
1414,1996-07-01,0.17980295566502463,0.2125,0.195
1415,1996-07-08,0.19211822660098524,0.2125,0.195
1416,1996-07-15,0.19211822660098524,0.215,0.195
1417,1996-07-22,0.19211822660098524,0.22,0.1975
1418,1996-07-29,0.19211822660098524,0.225,0.19875
1419,1996-08-05,0.19211822660098524,0.23,0.20375
1420,1996-08-12,0.19211822660098524,0.2425,0.205
1421,1996-08-19,0.19211822660098524,0.23625000000000002,0.20437499999999997
1422,1996-08-26,0.19211822660098524,0.23625000000000002,0.20437499999999997
1423,1996-09-02,0.19458128078817738,0.24375,0.215
1424,1996-09-09,0.1970443349753695,0.24375,0.215
1425,1996-09-16,0.1970443349753695,0.24375,0.215
1426,1996-09-23,0.2019704433497537,0.24375,0.215
1427,1996-09-30,0.2019704433497537,0.24,0.215
1428,1996-10-07,0.2118226600985222,0.2375,0.215
1429,1996-10-14,0.21674876847290642,0.225,0.215
1430,1996-10-21,0.21674876847290642,0.22,0.21
1431,1996-10-28,0.21674876847290642,0.21,0.2025
1432,1996-11-04,0.21674876847290642,0.1975,0.19625
1433,1996-11-11,0.21674876847290642,0.18625,0.18875
1434,1996-11-18,0.21674876847290642,0.18,0.185
1435,1996-11-25,0.21674876847290642,0.18,0.185
1436,1996-12-02,0.21674876847290642,0.18,0.185
1437,1996-12-09,0.21921182266009856,0.18,0.185
1438,1996-12-16,0.21921182266009856,0.18,0.185
1439,1996-12-23,0.21921182266009856,0.1825,0.1875
